主題,主題描述,類型,項目1,項目2,項目3,項目4,項目5,項目6,項目7
可以吃的食物,可以吃的食物,正確,白飯,麵包,蘋果,香蕉,雞蛋,青菜,地瓜
可以吃的食物,可以吃的食物,錯誤,鉛筆,鞋子,課本,玩具車,籃球,剪刀,陀螺
體育課會用的物品,體育課會用的物品,正確,籃球,躲避球,羽球拍,羽球,桌球,足球,網球
體育課會用的物品,體育課會用的物品,錯誤,課本,鉛筆盒,鍋子,洋芋片,槌子,湯匙,剪刀
美術課會用的物品,美術課會用的物品,正確,彩色筆,蠟筆,橡皮擦,剪刀,膠水,膠帶,鉛筆
美術課會用的物品,美術課會用的物品,錯誤,白飯,足球,玩具車,洋芋片,湯匙,毛巾,鬧鐘
要回收的垃圾,要回收的垃圾,正確,紙箱,寶特瓶,鋁罐,玻璃瓶,報紙,牛奶紙盒,塑膠瓶
要回收的垃圾,要回收的垃圾,錯誤,香蕉皮,衛生紙,塵土,樹葉,魚骨頭,口香糖,用過口罩
優良蛋白質來源,優良蛋白質來源,正確,雞蛋,魚,豆腐,無糖豆漿,雞肉,牛肉,毛豆
優良蛋白質來源,優良蛋白質來源,錯誤,白飯,洋芋片,糖果,汽水,蛋糕,冰淇淋,巧克力
數學課工具,數學課工具,正確,直尺,三角板,量角器,圓規,鉛筆,計算紙,橡皮擦
數學課工具,數學課工具,錯誤,籃球,糖果,湯匙,玩具車,扳手,毛巾,掃把
廚房會用到的物品,廚房會用到的物品,正確,鍋子,湯匙,筷子,大鍋子,砧板,菜刀,鍋鏟
廚房會用到的物品,廚房會用到的物品,錯誤,鉛筆,足球,書包,玩偶,積木,遊戲機,直尺
可回收資源,可回收資源,正確,寶特瓶,紙箱,鋁罐,鐵罐,玻璃瓶,報紙,塑膠瓶
可回收資源,可回收資源,錯誤,香蕉皮,衛生紙,魚骨頭,茶葉渣,果皮,塵土,用過口罩
健康飲食選擇,健康飲食選擇,正確,白飯,青菜,水果,魚,雞蛋,豆腐,白開水
健康飲食選擇,健康飲食選擇,錯誤,汽水,洋芋片,炸雞,糖果,蛋糕,珍珠奶茶,巧克力
數學課會用的工具,數學課會用的工具,正確,直尺,量角器,圓規,三角板,計算紙,鉛筆,橡皮擦
數學課會用的工具,數學課會用的工具,錯誤,籃球,湯匙,毛巾,玩具槍,洋芋片,鍋子,玩具車
環保回收分類物品,環保回收分類物品,正確,寶特瓶,鋁罐,紙箱,玻璃瓶,鐵罐,報紙,塑膠瓶
環保回收分類物品,環保回收分類物品,錯誤,香蕉皮,樹葉,衛生紙,塵土,果皮,用過口罩,茶葉渣
均衡飲食中的健康飲品,均衡飲食中的健康飲品,正確,白開水,無糖豆漿,鮮奶,無糖茶,原味氣泡水,蔬果汁,檸檬水
均衡飲食中的健康飲品,均衡飲食中的健康飲品,錯誤,汽水,珍珠奶茶,能量飲料,葡萄汽水,加糖奶茶,橘子汽水,冰沙
低年級教室裡看得到的東西,低年級教室裡看得到的東西,正確,黑板,桌子,椅子,書包,鉛筆盒,課本,時鐘
低年級教室裡看得到的東西,低年級教室裡看得到的東西,錯誤,浴缸,冰箱,鍋鏟,馬桶,鍋子,洗衣機,雨傘
浴室裡看得到的東西,浴室裡看得到的東西,正確,牙刷,牙膏,毛巾,肥皂,洗髮精,馬桶,浴缸
浴室裡看得到的東西,浴室裡看得到的東西,錯誤,書包,鉛筆,湯匙,球鞋,電腦,餅乾,黑板
打掃教室會用到的工具,打掃教室會用到的工具,正確,掃把,畚斗,拖把,抹布,水桶,垃圾袋,刷子
打掃教室會用到的工具,打掃教室會用到的工具,錯誤,鬧鐘,玩偶,球鞋,鉛筆盒,餅乾,檯燈,書包
健康的早餐選擇,健康的早餐選擇,正確,雞蛋,麵包,鮮奶,香蕉,地瓜,無糖豆漿,飯糰
健康的早餐選擇,健康的早餐選擇,錯誤,糖果,汽水,洋芋片,炸雞,冰淇淋,蛋糕,珍珠奶茶
電腦課會用到的物品,電腦課會用到的物品,正確,電腦,滑鼠,鍵盤,全罩耳機,隨身碟,螢幕,有線耳機
電腦課會用到的物品,電腦課會用到的物品,錯誤,鍋鏟,牙刷,羽球拍,雨鞋,枕頭,湯匙,菜刀
防災包裡可以放的物品,防災包裡可以放的物品,正確,手電筒,乾糧,哨子,水壺,急救包,電池,口罩
防災包裡可以放的物品,防災包裡可以放的物品,錯誤,玻璃杯,冰淇淋,枕頭,電腦,籃球,計算紙,玩具車
文具店會看到的東西,文具店會看到的東西,正確,鉛筆,橡皮擦,直尺,筆記本,彩色筆,膠水,剪刀
文具店會看到的東西,文具店會看到的東西,錯誤,冰箱,馬桶,牙刷,球鞋,鍋鏟,枕頭,雨鞋
洗衣服會用到的物品,洗衣服會用到的物品,正確,洗衣機,洗衣籃,衣架,洗衣精,曬衣夾,髒衣服,洗衣袋
洗衣服會用到的物品,洗衣服會用到的物品,錯誤,牙刷,飯糰,鍵盤,聽診器,郵票,鉛筆盒,餅乾
動物園會看到的東西,動物園會看到的東西,正確,獅子,長頸鹿,大象,猴子,企鵝,斑馬,河馬
動物園會看到的東西,動物園會看到的東西,錯誤,電腦,牙刷,鍋子,雨鞋,鉛筆盒,洗衣籃,檯燈
圖書館裡看得到的東西,圖書館裡看得到的東西,正確,檯燈,書包,鉛筆盒,桌子,課本,電腦,故事書
圖書館裡看得到的東西,圖書館裡看得到的東西,錯誤,砧板,葡萄汽水,籃球,洗衣籃,筷子,遊戲機,河馬
交通工具,交通工具,正確,汽車,腳踏車,捷運,公車,摩托車,飛機,船
交通工具,交通工具,錯誤,玩偶,球鞋,電腦,企鵝,玩具槍,洗衣機,玩具車
公園裡看得到的東西,公園裡看得到的東西,正確,足球,椅子,網球,玩具車,盪鞦韆,樹,翹翹板
公園裡看得到的東西,公園裡看得到的東西,錯誤,枕頭,隨身碟,牙刷,洗衣機,大象,電腦,洗髮精
會飛的東西,會飛的東西,正確,飛機,鴿子,蚊子,直升機,無人機,麻雀,瓢蟲
會飛的東西,會飛的東西,錯誤,貓咪,公雞,企鵝,計程車,腳踏車,小狗,大象
甜的食物,甜的食物,正確,蘋果,巧克力,果汁,果醬,冰淇淋,蛋糕,布丁
甜的食物,甜的食物,錯誤,牛肉麵,雞排,玉米濃湯,肉燥飯,義大利麵,粽子,燙青菜
水中的生物,水中的生物,正確,海豚,鯨魚,章魚,河馬,蝦子,海馬,鮭魚
水中的生物,水中的生物,錯誤,小狗,松鼠,麻雀,蝴蝶,長頸鹿,蚯蚓,無尾熊
蔬菜類,蔬菜類,正確,高麗菜,花椰菜,菠菜,芹菜,洋蔥,苦瓜,四季豆
蔬菜類,蔬菜類,錯誤,香蕉,豬肉,牛肉,白飯,吐司,牛奶,蘋果
水果類,水果類,正確,蘋果,香蕉,西瓜,汽水,橘子,草莓,芒果
水果類,水果類,錯誤,空心菜,魚肉,白飯,荷包蛋,牛奶,蛋餅,花椰菜
圓形的東西,圓形的東西,正確,硬幣,輪胎,籃球,太陽,月球,飛盤,甜甜圈
圓形的東西,圓形的東西,錯誤,課本,電視,金字塔,羽毛球,三明治,鉛筆盒,風箏
紅色的東西,紅色的東西,正確,草莓,番茄,消防車,春聯,血液,西瓜肉,紅包
紅色的東西,紅色的東西,錯誤,香蕉,木頭,黑板,斑馬線,藍莓,花椰菜,咖啡
有四條腿的動物,有四條腿的動物,正確,小狗,小貓,獅子,大象,長頸鹿,老虎,斑馬
有四條腿的動物,有四條腿的動物,錯誤,麻雀,螞蟻,蜘蛛,金魚,蛇,章魚,人類
需要電的工具,需要電的工具,正確,電風扇,電視,吹風機,手機,冰箱,微波爐,冷氣機
需要電的工具,需要電的工具,錯誤,椅子,瓦斯爐,雨傘,杯子,書本,剪刀,鐵鎚
是液體,是液體,正確,自來水,牛奶,果汁,醬油,汽水,防曬乳,橄欖油
是液體,是液體,錯誤,石頭,橡皮擦,鹽巴,胡椒粉,鉛筆,筆記本,課桌椅
有生命的生物,有生命的生物,正確,小狗,小貓,人類,螞蟻,長頸鹿,斑馬,大象
有生命的生物,有生命的生物,錯誤,石頭,汽車,書本,冰箱,吹風機,雨傘,牛奶
穿在身上的東西,穿在身上的東西,正確,外套,長褲,襪子,衣服,帽子,圍巾,裙子
穿在身上的東西,穿在身上的東西,錯誤,書包,鉛筆盒,雨傘,棉被,浴巾,鉛筆,隨身碟
